From;To;Type;Through;Comment
4;6;Sea;2716;
6;7;River;0;
6;8;River;0;
26;29;River;0;
27;28;River;0;
27;29;River;0;
30;32;River;0;
31;32;River;0;
32;34;River;0;
40;57;River;0;
44;45;River;0;
45;48;River;0;
48;55;River;0;
50;53;River;0;
50;56;River;0;
52;114;River;0;
54;55;River;0;
54;56;River;0;
54;60;River;0;
54;66;River;0;
54;99;River;0;
55;60;River;0;
57;59;River;0;
58;61;River;0;
58;65;River;0;
59;62;River;0;
61;62;River;0;
62;73;River;0;
63;65;River;0;
63;72;River;0;
63;74;River;0;
63;95;River;0;
64;74;River;0;
64;88;River;0;
65;66;River;0;
68;69;River;0;
68;70;River;0;
68;75;River;0;
71;78;River;0;
71;85;River;0;
74;85;River;0;
75;84;River;0;
77;84;River;0;
78;92;River;0;
78;93;River;0;
80;83;River;0;
80;84;River;0;
82;89;River;0;
82;93;River;0;
85;88;River;0;
86;93;River;0;
87;90;Impassable;0;
88;91;River;0;
88;92;River;0;
89;93;River;0;
91;98;Impassable;0;
91;398;Impassable;0; #TRP - mountain region didnt allowed massive troop movement here
96;100;River;0;
96;102;River;0;
96;104;River;0;
102;111;River;0;
104;109;River;0;
105;132;River;0;
107;132;River;0;
108;113;River;0;
109;127;Impassable;0;
109;128;River;0;
111;112;River;0;
111;113;River;0;
114;115;River;0;
114;116;River;0;
115;123;River;0;
117;121;River;0;
118;120;River;0;
118;121;River;0;
118;123;River;0;
119;120;River;0;
119;147;River;0;
120;125;River;0;
124;147;River;0;
128;129;River;0;
128;138;River;0;
128;143;River;0;
129;143;River;0;
130;136;River;0;
130;138;River;0;
130;139;River;0;
131;141;River;0;
131;142;River;0;
132;389;River;0;
133;134;River;0;
133;135;River;0;
133;389;Impassable;0;
134;180;River;0;
136;139;River;0;
136;180;River;0;
137;146;River;0;
137;171;River;0;
138;144;Impassable;0;
140;171;River;0;
144;146;River;0;
146;147;River;0;
147;148;River;0;
149;153;River;0;
149;154;River;0;
149;156;River;0;
150;152;River;0;
156;157;River;0;
156;163;River;0;
156;169;River;0;
157;169;River;0;
157;170;River;0;
158;159;River;0;
158;160;River;0;
158;162;River;0;
159;160;River;0;
159;165;River;0;
160;163;River;0;
164;165;River;0;
164;166;River;0;
164;167;River;0;
165;172;River;0;
166;168;River;0;
166;221;Impassable;0;
169;170;River;0;
170;171;River;0;
170;172;River;0;
171;180;River;0;
172;173;River;0;
175;176;River;0;
177;178;River;0;
177;179;River;0;
177;180;River;0;
181;183;River;0;
182;261;River;0;
183;226;River;0;
184;261;River;0;# DH: Sea via 2719, changed to River so that naval units may not block
186;187;River;0;
186;193;River;0;
187;193;River;0;
188;208;River;0;
188;346;River;0;
189;389;River;0;
190;346;River;0;
191;346;River;0;
193;194;River;0;
194;195;River;0;
194;208;River;0;
195;208;River;0;
196;208;River;0;
196;212;River;0;
199;200;River;0;
199;202;River;0;
199;207;River;0;
200;205;River;0;
209;281;River;0;
210;278;River;0;
210;279;River;0;
213;296;River;0;
215;281;River;0;
215;296;River;0;
217;218;River;0;# DH: Sea via 2694, changed to River so that naval units may not block
219;220;Sea;290;
219;294;Sea;290;
221;235;River;0;
222;225;River;0;
222;226;River;0;
223;227;River;0;
223;234;River;0;
224;225;River;0;
224;227;River;0;
227;231;River;0;
227;233;River;0;
228;229;River;0;
228;232;River;0;
228;234;River;0;
228;250;River;0;
229;230;River;0;
230;231;River;0;
230;232;River;0;
232;234;River;0;
233;235;River;0;
233;237;River;0;
234;237;River;0;
234;243;River;0;
236;239;River;0;
237;239;River;0;
237;243;River;0;
238;240;River;0;
240;241;River;0;
240;300;River;0;
240;302;River;0;
241;242;River;0;
245;246;River;0;
246;247;River;0;
246;250;River;0;
247;249;River;0;
248;249;River;0;
248;595;River;0;
250;254;River;0;
251;255;River;0;
251;256;River;0;
252;255;River;0;
253;255;River;0;
255;263;River;0;
257;266;River;0;
257;593;River;0;
258;263;River;0;
259;263;River;0;
262;263;River;0;
264;267;River;0;
264;269;River;0;
265;267;River;0;
266;267;River;0;
271;275;River;0;# DH: Sea via 2724, changed to River so that naval units may not block
272;273;River;0;
274;550;River;0;
274;552;River;0;
276;345;River;0;
276;346;River;0;
277;280;River;0;
277;284;River;0;
277;344;River;0;
277;345;River;0;
278;282;River;0;
278;284;River;0;
280;281;River;0;
280;283;River;0;
281;282;River;0;
281;283;River;0;
283;285;River;0;
283;336;Impassable;0;
285;286;River;0;
286;289;River;0;
286;295;River;0;
286;296;River;0;
287;289;River;0;
287;291;River;0;
291;292;River;0;
291;309;River;0;
291;311;River;0;
292;293;River;0;
293;299;River;0;
294;2152;Sea;290;
295;339;River;0;
297;299;River;0;
297;301;River;0;
297;303;River;0;
297;305;River;0;
298;299;River;0;
298;305;River;0;
298;309;River;0;
298;310;River;0;
302;618;River;0;
303;619;River;0;
303;621;River;0;
304;621;River;0;
304;626;River;0;
306;310;River;0;
306;313;River;0;
306;626;Impassable;0;# DH: River, Danube Delta, changed so that attack on Romania isn't that easy
307;314;River;0;
307;316;River;0;
308;315;River;0;
308;316;River;0;
308;317;River;0;
308;323;River;0;
309;310;River;0;
309;314;River;0;
310;313;River;0;
310;314;River;0;
311;314;River;0;
311;315;River;0;
312;318;River;0;
312;339;River;0;
315;318;River;0;
315;323;River;0;
318;322;River;0;
318;323;River;0;
319;321;Impassable;0;# DH: River, no visible connection on map
319;324;River;0;
320;328;River;0;
320;365;River;0;
324;370;River;0;
327;330;River;0;
327;331;River;0;
327;335;River;0;
327;338;River;0;
327;342;River;0;
328;329;Impassable;0;
328;333;River;0;
329;331;River;0;
329;335;River;0;
333;360;Impassable;0;
336;337;River;0;
336;338;River;0;
336;339;River;0;
336;341;River;0;
337;338;River;0;
337;340;River;0;
337;341;River;0;
337;354;River;0;
338;339;River;0;
338;340;River;0;
340;354;River;0;
341;344;River;0;
342;354;River;0;
342;355;River;0;
344;353;River;0;
344;354;River;0;
345;352;River;0;
345;353;River;0;
346;349;River;0;
347;351;River;0;
347;357;River;0;
347;358;River;0;
348;473;River;0;
352;353;River;0;
352;357;River;0;
353;354;River;0;
354;358;River;0;
360;371;Sea;2739;
364;365;River;0;
365;366;River;0;
368;374;River;0;
370;384;River;0;
370;385;River;0;
371;376;Sea;2739;
373;377;River;0;
374;381;Impassable;0;
378;1079;Sea;2743;
379;380;Impassable;0;
383;1077;Sea;2742;
384;1078;Sea;397;
386;711;River;0;
389;390;River;0;
393;400;River;0;
393;407;River;0;
393;408;River;0;
395;407;River;0;
396;398;Impassable;0;
398;399;River;0;
398;407;River;0;
399;407;River;0;
400;411;River;0;
407;408;River;0;
409;1076;River;0;
411;412;River;0;
420;426;River;0;
423;424;River;0;
423;426;River;0;
425;431;River;0;# DH: Sea via 2184, Strait of Messina, changed to River so that naval units may not block
436;438;River;0;
436;442;River;0;
436;461;River;0;
438;439;River;0;
438;442;River;0;
442;446;River;0;
442;461;Impassable;0;
443;451;River;0;
443;456;River;0;
446;456;River;0;
447;448;River;0;
447;481;River;0;
448;452;River;0;
450;453;River;0;
450;457;River;0;
451;452;River;0;
453;458;River;0;
453;482;River;0;
454;460;River;0;
457;458;River;0;
457;460;River;0;
457;468;River;0;
458;480;River;0;
467;470;River;0;
467;474;River;0;
472;474;River;0;
472;478;River;0;
476;477;River;0;
477;482;River;0;
479;481;River;0;
480;482;River;0;
483;484;River;0;
484;486;River;0;
484;492;River;0;
489;492;River;0;
494;495;River;0;# DH: Sea via 2671, connection between Bodo and Narvik, changed to River so that naval units may not block
498;499;River;0;
498;505;River;0;
498;507;River;0;
498;1139;River;0;
501;1115;River;0;
502;503;River;0;
502;1116;River;0;
504;506;River;0;
505;506;River;0;
505;507;River;0;
511;2166;River;0;
511;2167;River;0;
516;2166;River;0;
524;526;Sea;2727;
526;2159;Sea;2722;
539;556;River;0;
539;557;River;0;
542;688;River;0;
543;544;River;0;
543;548;River;0;
544;545;River;0;
544;688;River;0;
545;688;River;0;
547;555;River;0;
547;556;River;0;
548;554;River;0;
548;555;River;0;
550;553;River;0;
551;553;River;0;
551;562;River;0;
553;557;Impassable;0;
554;570;River;0;
554;676;River;0;
554;677;River;0;
558;563;River;0;
558;568;River;0;
558;569;River;0;
558;577;River;0;
560;562;River;0;
567;568;River;0;
567;584;River;0;
568;569;River;0;
569;570;River;0;
570;572;River;0;
571;579;River;0;
571;678;River;0;
572;678;River;0;
573;575;River;0;
573;577;River;0;
573;589;River;0;
574;575;River;0;
575;586;River;0;
576;584;River;0;
578;679;River;0;
579;583;River;0;
579;679;River;0;
580;652;River;0;
580;654;River;0;
581;582;River;0;
581;587;River;0;
581;588;River;0;
583;585;River;0;
586;588;River;0;
586;589;River;0;
587;588;River;0;
587;602;River;0;
590;593;River;0;
590;600;River;0;
591;599;River;0;
591;600;River;0;
592;593;River;0;
594;596;River;0;
594;597;River;0;
594;598;River;0;
594;599;River;0;
594;600;River;0;
594;601;River;0;
595;597;River;0;
595;598;River;0;
598;601;River;0;
598;607;River;0;
598;609;River;0;
603;646;River;0;
605;607;River;0;
607;608;River;0;
607;609;River;0;
607;617;River;0;
608;613;River;0;
608;617;River;0;
610;613;River;0;
610;628;River;0;
612;618;River;0;
612;619;River;0;
614;618;River;0;
615;619;River;0;
615;625;River;0;
622;623;River;0;
622;624;River;0;
622;625;River;0;
623;627;River;0;
624;639;River;0;
627;629;River;0;
627;630;River;0;
627;632;River;0;
628;629;River;0;
633;634;River;0;
633;635;River;0;
633;636;River;0;
634;649;River;0;
640;694;River;0;# DH: Sea via 2733, Straits of Kerch, changed to River so that naval units may not block
642;655;River;0;
642;659;River;0;
642;662;River;0;
643;644;River;0;
644;645;River;0;
644;649;River;0;
644;692;River;0;
644;697;River;0;
645;697;River;0;
647;654;River;0;
648;653;River;0;
648;654;River;0;
649;653;River;0;
649;655;River;0;
656;664;River;0;
656;667;River;0;
660;661;River;0;
660;662;River;0;
660;663;River;0;
660;669;River;0;
664;672;River;0;
664;674;River;0;
664;687;River;0;
664;1131;River;0;
665;666;River;0;
665;667;River;0;
666;669;River;0;
667;668;River;0;
671;687;River;0;
671;1130;River;0;
672;674;River;0;
672;687;River;0;
673;675;River;0;
676;677;River;0;
677;681;River;0;
678;679;River;0;
679;682;River;0;
679;683;River;0;
680;682;River;0;
680;683;River;0;
681;682;River;0;
682;683;River;0;
685;688;River;0;
686;689;River;0;
686;1130;River;0;
688;1129;Impassable;0;
690;1131;River;0;
691;693;River;0;
691;694;River;0;
691;695;River;0;
692;697;River;0;
692;699;River;0;
698;699;River;0;
698;702;River;0;
698;703;River;0;
699;706;River;0;
700;702;River;0;
700;704;River;0;
711;1082;River;0;
711;1083;River;0;
712;1083;River;0;
713;1081;River;0;
713;1083;River;0;
714;1082;River;0;
714;1083;River;0;
716;724;River;0;
718;722;River;0;
721;724;River;0;
723;724;River;0;
723;725;River;0;
723;726;River;0;
725;739;Impassable;0;
727;728;River;0;
727;730;River;0;
730;732;River;0;
737;741;Impassable;0;
737;753;Impassable;0;
737;776;Impassable;0;
738;776;Impassable;0;
739;984;Impassable;0;
739;985;Impassable;0;
739;987;Impassable;0;
739;989;Impassable;0;
740;741;Impassable;0;
746;749;River;0;
747;748;River;0;
747;749;River;0;
#751;758;Impassable;0;
#760;764;Impassable;0;
766;775;Impassable;0;
769;775;Impassable;0;
#773;777;Impassable;0;
774;801;Impassable;0;
774;802;Impassable;0;
774;804;Impassable;0;
#775;777;Impassable;0;
776;922;Impassable;0;
776;946;Impassable;0;
777;779;Impassable;0;
777;801;Impassable;0;
778;799;Impassable;0;
779;801;Impassable;0;
783;799;Impassable;0;
784;799;Impassable;0;
785;799;Impassable;0;
786;790;River;0;
787;788;River;0;
787;790;River;0;
788;790;River;0;
789;790;River;0;
791;1006;River;0;
792;796;River;0;
792;798;Impassable;0;
793;796;River;0;
794;795;River;0;
794;796;River;0;
794;797;River;0;
795;798;River;0;
#798;801;Impassable;0;# egyptian desert, opened so that units may walk out again
798;803;River;0;
799;800;Impassable;0;
799;801;Impassable;0;
801;802;Impassable;0;# egyptian desert, opened so that units may walk out again
802;804;Impassable;0;# egyptian desert, opened so that units may walk out again
803;804;River;0;
803;805;River;0;
804;922;Impassable;0;
805;810;River;0;
805;811;River;0;
805;814;River;0;
806;807;Impassable;0;
806;810;River;0;
806;812;River;0;
807;809;River;0;
807;812;River;0;
807;829;River;0;
809;927;Impassable;0;
810;811;River;0;
811;812;River;0;
811;814;River;0;
814;823;River;0;
817;823;River;0;
820;821;River;0;
820;822;River;0;
821;823;River;0;
822;824;River;0;
822;825;River;0;
826;827;River;0;
826;828;River;0;
826;830;River;0;
835;837;River;0;
836;837;River;0;
836;838;River;0;
837;838;River;0;
839;841;River;0;
839;842;River;0;
844;845;River;0;
844;903;Impassable;0;
844;904;Impassable;0;
849;850;River;0;
854;857;River;0;
855;856;River;0;
855;866;River;0;
855;872;Impassable;0;
856;857;River;0;
856;867;River;0;
857;858;River;0;
858;863;River;0;
859;860;River;0;
859;863;River;0;
859;867;River;0;
859;868;River;0;
859;885;River;0;
860;862;River;0;
861;865;River;0;
861;898;River;0;
862;863;River;0;
862;887;Impassable;0;
863;865;River;0;
863;867;River;0;
866;867;River;0;
866;873;River;0;
869;873;River;0;
869;876;River;0;
872;874;River;0;
874;881;River;0;
875;879;River;0;
875;881;River;0;
878;879;River;0;
879;883;River;0;
885;886;River;0;
886;891;River;0;
888;891;River;0;
890;895;River;0;
890;897;River;0;
890;902;River;0;
892;895;River;0;
894;895;River;0;
894;899;River;0;
895;901;River;0;
897;898;River;0;
898;902;River;0;
899;901;River;0;
899;906;River;0;
899;907;River;0;
901;902;River;0;
901;906;River;0;
902;905;River;0;
903;904;River;0;
903;923;River;0;
904;906;River;0;
904;908;River;0;
904;919;Impassable;0;
904;923;River;0;
904;926;River;0;
905;906;Impassable;0;
906;907;River;0;
906;908;River;0;
909;911;River;0;
910;911;Impassable;0;
910;928;River;0;
914;918;River;0;
915;918;River;0;
920;924;River;0;
920;925;River;0;
920;927;River;0;
924;927;Impassable;0;
925;928;River;0;
930;935;River;0;
931;934;River;0;
931;941;River;0;
932;937;River;0;
932;939;River;0;
932;944;River;0;
934;939;River;0;
934;941;Impassable;0;
936;938;River;0;
936;941;River;0;
938;940;River;0;
938;943;River;0;
942;944;River;0;
942;974;Impassable;0;
944;949;River;0;
945;957;River;0;
945;958;River;0;
946;984;Impassable;0;
952;953;River;0;
952;954;River;0;
952;955;River;0;
953;954;River;0;
953;959;River;0;
953;961;River;0;
954;955;River;0;
955;956;River;0;
957;959;River;0;
958;959;River;0;
960;968;River;0;
960;970;River;0;
961;968;River;0;
962;970;River;0;
964;965;Impassable;0;
965;967;River;0;
968;973;Impassable;0;
971;975;River;0;
972;973;River;0;
972;974;River;0;
972;976;River;0;
974;976;Impassable;0;
974;984;River;0;
974;985;River;0;
975;976;River;0;
975;977;River;0;
975;982;River;0;
975;983;Impassable;0;
977;979;River;0;
977;980;River;0;
978;979;River;0;
981;983;River;0;
982;983;River;0;
#1004;1005;Impassable;0;
1010;1026;River;0;
1013;1020;River;0;
1013;1023;River;0;
1014;1017;River;0;
1014;1021;River;0;
1014;1056;River;0;
1015;1027;River;0;
1015;1062;River;0;
1017;1033;River;0;
1023;1172;River;0;
1026;1172;River;0;
1027;1029;River;0;
1027;1033;River;0;
1027;1034;River;0;
1027;1036;River;0;
1028;1032;River;0;
1028;1035;River;0;
1028;1037;River;0;
1030;1033;River;0;
1030;1037;River;0;
1031;1037;River;0;
1032;1037;River;0;
1032;1089;River;0;
1033;1034;River;0;
1033;1035;River;0;
1034;1035;River;0;
1035;1036;River;0;
1035;1037;River;0;
1047;1052;Impassable;0;
1051;1052;Impassable;0;
1056;1060;River;0;
1059;1064;River;0;
1059;1072;River;0;
1060;1061;River;0;
1060;1062;River;0;
1061;1064;River;0;
1063;1067;River;0;
1064;1066;River;0;
1064;1067;River;0;
1065;1066;River;0;
1065;1072;River;0;
1068;1071;River;0;
1068;1076;River;0;
1068;1078;River;0;
1070;1162;River;0;
1070;1163;River;0;
1070;1166;River;0;
1071;1075;River;0;
1072;1073;River;0;
1072;1074;River;0;
1072;1075;River;0;
1097;1100;River;0;
1097;1102;River;0;
1098;1099;River;0;
1098;1100;River;0;
1099;1103;River;0;
1099;1109;River;0;
1099;2168;River;0;
1101;1102;River;0;
1103;1105;River;0;
1104;1279;Impassable;0;
1104;2170;River;0;
1104;2173;River;0;
1105;2168;River;0;
1105;2170;River;0;
1109;1112;River;0;
1110;1112;River;0;
1113;1114;River;0;
1113;1118;River;0;
1114;1134;River;0;
1120;1209;Impassable;0;
1121;1277;Impassable;0;
1122;1240;Impassable;0;
1128;1129;Impassable;0;
1129;1153;Impassable;0;
1133;1134;River;0;
1135;1136;River;0;
1135;1139;River;0;
1135;1153;Impassable;0;
1136;1139;River;0;
1138;1139;River;0;
1140;1142;River;0;
1140;1143;River;0;
1141;1142;River;0;
1142;1149;River;0;
1147;1158;River;0;
1148;1149;River;0;
1148;1155;Impassable;0;
1150;1153;Impassable;0;
1150;1154;River;0;
1152;1153;Impassable;0;
1152;1155;Impassable;0;
1153;1154;Impassable;0;
1155;1156;Impassable;0;
1155;1157;Impassable;0;
1155;1165;Impassable;0;
1155;1177;Impassable;0;
1156;1157;River;0;
1156;1158;River;0;
1162;1167;River;0;
1163;1164;River;0;
1163;1179;River;0;
1164;1165;River;0;
1164;1166;River;0;
1168;1200;River;0;
1170;1171;River;0;
1170;1200;River;0;
1171;1176;River;0;
1171;1178;River;0;
1174;1176;River;0;
1174;1197;River;0;
1174;1201;River;0;
1175;1190;River;0;
1175;1197;River;0;
1175;1202;River;0;
1176;1200;River;0;
1176;1201;River;0;
1177;1179;River;0;
1177;1180;River;0;
1178;1179;River;0;
1178;1180;River;0;
1179;1180;River;0;
1185;1187;River;0;
1185;1188;River;0;
1185;1189;River;0;
1188;1190;River;0;
1190;1202;River;0;
1190;1204;River;0;
1191;1225;River;0;
1194;1204;River;0;
1196;1212;Impassable;0;
1197;1199;Impassable;0;
1197;1202;River;0;
1197;1205;River;0;
1198;1200;River;0;
1198;1201;River;0;
1198;1203;River;0;
1199;1203;River;0;
1199;1207;River;0;
1199;1208;River;0;
1199;1213;River;0;
1200;1206;River;0;
1203;1213;River;0;
1207;1212;River;0;
1208;1218;River;0;
1210;1218;River;0;
1211;1212;River;0;
1211;1226;River;0;
1212;1225;River;0;
1212;1227;Impassable;0;
1214;1215;River;0;
1214;1217;River;0;
1214;1218;River;0;
1215;1224;River;0;
1215;1226;River;0;
1217;1218;River;0;
1220;1224;River;0;
1222;1223;River;0;
1222;1228;River;0;
1234;1603;Impassable;0;
1235;1237;River;0;
1238;1270;Impassable;0;# blocked connection in northern China to keep AI out of desert
1241;1243;River;0;
1241;1244;River;0;
1242;1243;River;0;
1242;1244;River;0;
1243;1244;River;0;# DH: impassable
1243;1247;River;0;
1243;1249;River;0;
1244;1323;River;0;
1244;1329;River;0;
1244;1330;River;0;
1246;1250;River;0;
1247;1250;River;0;
1249;1250;River;0;
1250;1251;River;0;
1251;1260;Impassable;0;
1251;1269;Impassable;0;
1252;1254;River;0;
1253;1254;River;0;
1253;1257;River;0;
1253;1259;River;0;
1253;1322;River;0;
1254;1259;River;0;
1254;1260;River;0;
1255;1256;River;0;
1255;1257;River;0;
1255;1258;River;0;
1255;1259;River;0;
1255;1260;River;0;
1256;1258;River;0;
1256;1263;River;0;
1257;1259;River;0;
1258;1267;Impassable;0;
1258;1314;River;0;
1261;1264;River;0;
1261;1267;River;0;
1262;1264;River;0;
1262;1284;River;0;
1263;1264;River;0;
1264;1265;River;0;
1264;1268;River;0;
1264;1284;River;0;
1265;1284;River;0;
1267;1297;River;0;
1268;1269;River;0;
1268;1271;River;0;
1269;1270;River;0;
1269;1272;Impassable;0;
1273;1276;River;0;
1274;1279;River;0;
1275;1282;River;0;
1277;1283;Impassable;0;
1278;1287;Impassable;0;
1279;1282;River;0;
1281;1282;River;0;
1283;1285;River;0;
1283;1292;Impassable;0;
1283;1293;Impassable;0;
1284;1292;River;0;
1285;1293;River;0;
1286;1288;River;0;
1287;1288;River;0;
1287;1290;Impassable;0;
1288;1289;River;0;
1288;1295;River;0;
1289;1290;River;0;
1290;1294;River;0;
1290;1295;River;0;
1290;1384;River;0;
1290;1385;River;0;
1291;1293;River;0;
1291;1298;River;0;
1291;1300;River;0;
1291;1390;River;0;
1292;1293;River;0;
1292;1296;River;0;
1292;1297;River;0;
1292;1298;Impassable;0;
1293;1294;River;0;
1293;1385;River;0;
1293;1390;Impassable;0;
1297;1299;River;0;
1297;1302;River;0;
1298;1299;River;0;
1298;1300;River;0;
1298;1304;River;0;
1299;1301;River;0;
1299;1304;River;0;
1300;1303;River;0;
1300;1305;River;0;
1301;1302;River;0;
1301;1304;River;0;
1301;1315;River;0;
1303;1381;River;0;
1303;1388;Impassable;0;
1304;1305;River;0;
1304;1307;River;0;
1305;1307;Impassable;0;
1305;1381;Impassable;0;
1306;1307;River;0;
1306;1382;River;0;
1307;1309;River;0;
1307;1312;River;0;
1308;1309;River;0;
1308;1310;Impassable;0;
1308;1313;Impassable;0;
1309;1310;River;0;
1309;1311;Impassable;0;
1310;1313;River;0;
1310;1315;River;0;
1311;1312;River;0;
1312;1378;River;0;
1313;1316;River;0;
1313;1317;River;0;
1313;1318;River;0;
1314;1325;River;0;
1315;1316;River;0;
1315;1325;Impassable;0;
1316;1320;River;0;
1317;1318;River;0;
1318;1344;River;0;
1319;1321;River;0;
1319;1327;River;0;
1319;1341;River;0;
1320;1322;River;0;
1320;1324;River;0;
1320;1326;River;0;
1321;1322;River;0;
1321;1324;River;0;
1321;1327;Impassable;0;
1323;1327;River;0;
1324;1341;River;0;
1326;1341;River;0;
1327;1330;River;0;
1327;1332;River;0;
1327;1336;River;0;
1332;1333;River;0;
1332;1336;River;0;
1333;1334;River;0;
1333;1335;River;0;
1333;1336;River;0;
1333;1339;River;0;
1334;1337;River;0;
1334;1339;River;0;
1334;1343;River;0;
1337;1338;River;0;
1337;1340;River;0;
1337;1343;River;0;
1338;1345;River;0;
1339;1341;River;0;
1339;1343;River;0;
1340;1341;Impassable;0;
1340;1342;River;0;
1341;1343;River;0;
1342;1344;River;0;
1342;1351;Impassable;0;
1344;1350;River;0;
1344;1353;Impassable;0;
1345;1348;River;0;
1346;1347;River;0;
1347;1351;River;0;
1348;1351;River;0;
1349;1354;River;0;
1349;1355;River;0;
1349;1356;River;0;
1350;1352;Impassable;0;
1350;1353;River;0;
1352;1353;River;0;
1352;1355;River;0;
1356;1360;River;0;
1357;1359;River;0;
1358;1359;River;0;
1358;1360;River;0;
1365;1367;Sea;2524;
1368;1383;Impassable;0;
1369;1372;River;0;
1369;1373;River;0;
1369;1377;River;0;
1374;1376;River;0;
1374;1379;River;0;
1376;1379;River;0;
1376;1381;River;0;
1377;1379;River;0;
1377;1383;River;0;
1379;1382;River;0;
1379;1383;River;0;
1380;1382;River;0;
1381;1382;River;0;
1382;1383;River;0;
1384;1389;River;0;
1385;1389;River;0;
1386;1387;River;0;
1386;1388;River;0;
1386;1389;River;0;
1386;1390;Impassable;0;
1386;1395;Impassable;0;
1386;1413;Impassable;0;
1387;1409;River;0;
1388;1393;Impassable;0;# DH: River, Blocked connection between China and Vietnam to separate theatres for AI
1389;1409;River;0;
1391;1404;River;0;
1391;1405;River;0;
1392;1393;River;0;
1392;1395;River;0;
1393;1395;River;0;
1394;1402;River;0;
1394;1405;River;0;
1394;1422;River;0;
1394;1427;River;0;
1395;1396;River;0;
1398;1400;River;0;
1398;1401;River;0;
1398;1402;River;0;
1399;1403;River;0;
1400;1401;River;0;
1404;1405;River;0;
1404;1413;River;0;
1404;1426;River;0;
1405;1427;River;0;
1405;1428;River;0;
1406;1407;River;0;
1407;1409;River;0;
1407;1410;River;0;
1407;1411;River;0;
1407;1442;River;0;
1408;1409;River;0;
1409;1413;River;0;
1410;1411;River;0;
1412;1413;River;0;
1412;1425;River;0;
1415;1419;River;0;
1416;1417;River;0;
1417;1419;River;0;
1422;1427;River;0;
1423;1424;River;0;
1423;1426;River;0;
1423;1427;River;0;
1424;1426;River;0;
1425;1426;River;0;
1426;1428;River;0;
1432;1437;Normal;0;
1439;1443;River;0;
1439;1449;River;0;
1440;1441;River;0;
1440;1442;River;0;
1441;1443;River;0;
1442;1455;River;0;
1444;1445;River;0;
1444;1449;River;0;
1445;1449;River;0;
1445;1450;River;0;
1446;1447;River;0;
1446;1476;River;0;
1447;1448;River;0;
1447;1449;River;0;
1451;1454;River;0;
1453;1454;River;0;
1454;1535;River;0;
1455;1458;River;0;
1459;1460;River;0;
1460;1463;River;0;
1460;1464;River;0;
1460;1524;River;0;
1461;1462;River;0;
1461;1466;River;0;
1461;1467;River;0;
1461;1468;River;0;
1462;1465;River;0;
1462;1466;River;0;
1462;1476;River;0;
1464;1467;River;0;
1464;1468;River;0;
1465;1466;River;0;
1466;1468;River;0;
1466;1469;River;0;
1466;1476;River;0;
1468;1483;River;0;
1468;1523;River;0;
1468;1524;River;0;
1469;1470;River;0;
1469;1479;River;0;
1469;1483;River;0;
1470;1473;River;0;
1470;1477;River;0;
1471;1473;River;0;
1472;1473;River;0;
1473;1476;River;0;
1474;1488;River;0;
1475;1488;River;0;
1478;1480;River;0;
1478;1481;River;0;
1479;1484;River;0;
1480;1484;River;0;
1481;1514;River;0;
1485;1488;River;0;
1486;1489;River;0;
1486;1516;River;0;
1487;1490;River;0;
1487;1508;River;0;
1487;1515;River;0;
1488;1492;River;0;
1488;1493;River;0;
1489;1492;River;0;
1489;1508;River;0;
1490;1491;River;0;
1490;1501;River;0;
1491;1496;River;0;
1491;1501;River;0;
1493;1498;River;0;
1496;1498;River;0;
1499;1500;River;0;
1499;1506;River;0;
1501;1515;River;0;
1505;1506;River;0;
1514;1521;River;0;
1520;1521;River;0;
1523;1524;River;0;
1524;1528;River;0;
1526;1528;River;0;
1529;1534;River;0;
1529;1536;River;0;
1530;1531;River;0;
1530;1534;River;0;
1530;1536;River;0;
1531;1535;River;0;
1532;1533;River;0;
1534;1535;River;0;
1534;1536;River;0;
1534;1537;River;0;
1543;1544;Impassable;0;
1545;1547;Sea;2494;
1553;1559;Sea;2489;
1554;1560;Sea;2489;
1555;1559;Sea;2489;
1559;1560;Sea;2489;
1568;1575;Impassable;0;#DH: sea via 2558
1568;1576;Impassable;0;#DH: sea via 2558
1571;1572;Impassable;0;#DH: sea via 2556
1571;1576;Impassable;0;#DH: sea via 2558
1573;1574;Impassable;0;#DH: sea via 2557
1573;1575;Impassable;0;#DH: sea via 2558
1573;1578;Impassable;0;#DH: sea via 2557
1574;1576;Impassable;0;#DH: sea via 2558
1577;1580;Impassable;0;#DH: sea via 2553
1581;1583;Impassable;0;
1581;1584;Impassable;0;
1582;1583;Impassable;0;
1585;1586;Impassable;0;
1587;1589;Impassable;0;
1588;1589;Impassable;0;
1588;1591;Impassable;0;
1590;1591;Impassable;0;
1594;1595;Impassable;0;
1594;1596;Impassable;0;
1594;1610;Impassable;0;
1595;1601;Impassable;0;
1596;1610;Impassable;0;
1597;1608;River;0;
1598;1608;River;0;
1598;1610;Impassable;0;
1602;1603;Impassable;0;
1602;1605;River;0;
1602;1610;Impassable;0;
1603;1607;Impassable;0;
#1604;1607;Impassable;0;
1605;1610;Impassable;0;
1606;1608;River;0;
1615;1616;Impassable;0;
1615;1644;Impassable;0;
1615;1645;Impassable;0;
1621;1622;Impassable;0;
1623;1624;Impassable;0;
1623;1626;Impassable;0;
1623;1628;Impassable;0;
1623;1632;River;0;
1624;1628;Impassable;0;
1627;1632;River;0;
1628;1629;Impassable;0;
1628;1630;Impassable;0;
1629;1631;River;0;
1630;1632;River;0;
1630;1633;River;0;
1636;1639;Sea;2529;
1643;1644;Sea;2543;
1643;1655;Sea;2543;
1678;1680;Impassable;0;
1679;1680;Impassable;0;
1683;1684;Impassable;0;
1684;1685;Impassable;0;
1708;1717;River;0;
1709;1717;River;0;
1712;1713;River;0;
1713;1715;River;0;
1721;1722;Sea;2585;
1725;1726;Impassable;0;
1728;1729;Impassable;0;
1731;1733;Impassable;0;
1734;1737;Impassable;0;
1736;1737;Impassable;0;
1752;1761;Sea;2347;
1752;1757;Impassable;0;
1752;1759;Impassable;0;
1753;1767;Impassable;0;
1753;1768;Impassable;0;
1754;1760;Impassable;0;
1754;1767;Impassable;0;
1754;1759;Impassable;0;
1755;1770;Impassable;0;
1755;1764;Impassable;0;
1755;1763;Impassable;0;
1756;1994;River;0;
1756;2008;River;0;
1756;2012;River;0;
1757;1766;Impassable;0;
1758;1769;Impassable;0;
1759;1767;Impassable;0;
1759;1760;Impassable;0;
1760;1761;Impassable;0;
1763;1769;Impassable;0;
1764;1770;Impassable;0;
1765;1766;Impassable;0;
1768;1770;Impassable;0;
1771;1772;Impassable;0;
1774;1782;Impassable;0;
1787;1790;River;0;
1788;1789;River;0;
1788;1793;River;0;
1788;1796;River;0;
1788;1799;River;0;
1790;1793;River;0;
1790;1794;River;0;
1791;2109;River;0;
1794;2108;River;0;
1795;1797;River;0;
1795;1799;River;0;
1798;1824;River;0;
1801;1802;River;0;
1801;1803;River;0;
1801;1808;River;0;
1802;1810;River;0;
1803;1804;River;0;
1805;1808;River;0;
1806;1821;River;0;
1806;1824;River;0;
1808;1810;River;0;
1808;1814;River;0;
1809;1814;River;0;
1811;1821;River;0;
1811;1823;River;0;
1812;1813;River;0;
1813;1815;River;0;
1815;1816;River;0;
1816;1818;River;0;
1819;1827;River;0;
1819;1831;River;0;
1819;1940;River;0;
1820;1823;River;0;
1820;1827;River;0;
1826;1828;River;0;
1826;1832;River;0;
1827;1831;River;0;
1828;1830;River;0;
1828;1831;River;0;
1829;1830;River;0;
1829;1835;River;0;
1829;1837;River;0;
1830;1832;River;0;
1830;1835;River;0;
1831;1833;River;0;
1831;1835;River;0;
1831;1940;River;0;
1833;1835;River;0;
1833;1940;River;0;
1834;1836;River;0;
1834;1859;River;0;
1834;1914;River;0;
1835;1836;River;0;
1837;1839;River;0;
1837;1840;River;0;
1838;1859;River;0;
1838;1860;River;0;
1839;1840;River;0;
1840;1841;River;0;
1840;1846;River;0;
1841;1848;River;0;
1843;2129;River;0;
1845;2109;River;0;
1846;1847;River;0;
1846;1850;River;0;
1847;1849;River;0;
1847;1850;River;0;
1847;1854;River;0;
1847;1857;River;0;
1851;1867;River;0;
1851;1868;River;0;
1852;1856;River;0;
1853;1856;River;0;
1853;1867;River;0;
1855;1856;River;0;
1856;1857;River;0;
1856;1867;River;0;
1857;1860;River;0;
1858;1859;River;0;
1858;1907;River;0;
1858;1908;River;0;
1859;1860;River;0;
1861;1875;River;0;
1861;1876;River;0;
1862;1863;River;0;
1862;1864;River;0;
1862;1870;River;0;
1864;1867;River;0;
1866;1868;River;0;
1866;1907;River;0;
1867;1868;River;0;
1869;1870;River;0;
1869;1898;River;0;
1870;1881;River;0;
1871;1876;River;0;
1871;1881;River;0;
1872;1873;River;0;
1872;1875;River;0;
1872;1876;River;0;
1873;1876;River;0;
1873;1878;River;0;
1873;1882;River;0;
1877;1878;River;0;
1883;1888;River;0;
1884;1885;River;0;
1884;1888;River;0;
1884;1889;River;0;
1885;1890;River;0;
1886;1900;River;0;
1886;1901;River;0;
1888;1889;River;0;
1892;1900;River;0;
1893;1900;River;0;
1896;1898;River;0;
1897;1898;River;0;
1897;1899;River;0;
1898;1899;River;0;
1899;1900;River;0;
1899;1902;River;0;
1900;1901;River;0;
1901;1902;River;0;
1901;1905;River;0;
1901;1923;River;0;
1901;1981;River;0;
1903;1905;River;0;
1904;1905;River;0;
1904;1906;River;0;
1904;1909;River;0;
1905;1927;River;0;
1908;1909;River;0;
1908;1910;River;0;
1910;1912;River;0;
1910;1914;River;0;
1911;1913;River;0;
1911;1920;River;0;
1911;1924;River;0;
1912;1913;River;0;
1912;1916;River;0;
1913;1916;River;0;
1915;1918;River;0;
1915;1933;River;0;
1915;1935;River;0;
1915;1938;River;0;
1915;1940;River;0;
1916;1919;River;0;
1916;1924;River;0;
1917;1918;River;0;
1918;1919;River;0;
1918;1930;River;0;
1919;1925;River;0;
1920;1921;River;0;
1922;1928;River;0;
1922;1967;River;0;
1922;1975;River;0;
1922;1976;River;0;
1923;1926;River;0;
1923;1927;River;0;
1923;1976;River;0;
1923;1977;River;0;
1924;1925;River;0;
1924;1927;River;0;
1925;1928;River;0;
1926;1976;River;0;
1929;1930;River;0;
1929;1932;River;0;
1929;1937;River;0;
1929;1938;River;0;
1930;1933;River;0;
1931;1932;River;0;
1931;1934;River;0;
1932;1937;River;0;
1933;1938;River;0;
1935;1943;River;0;
1936;1947;River;0;
1940;1943;River;0;
1941;1945;River;0;
1941;1946;River;0;
1941;1955;River;0;
1941;1964;River;0;
1942;1964;River;0;
1944;1950;River;0;
1946;1947;River;0;
1947;1954;River;0;
1950;1951;River;0;
1950;1954;River;0;
1955;1958;River;0;
1956;1960;River;0;
1958;1959;River;0;
1959;1960;River;0;
1966;1968;River;0;
1971;1972;River;0;
1979;1981;River;0;
1986;1987;River;0;
1986;1990;River;0;
1987;1990;River;0;
1987;1991;River;0;
1987;2009;River;0;
1991;2009;Impassable;0;
1992;1994;River;0;
1992;1995;River;0;
1992;1996;River;0;
1994;2009;River;0;
1997;1998;River;0;
1997;1999;River;0;
1999;2000;River;0;
2001;2003;River;0;
2001;2005;River;0;
2003;2004;River;0;
2003;2005;River;0;
2003;2062;River;0;
2004;2005;River;0;
2004;2066;River;0;
2004;2068;River;0;
2005;2006;River;0;
2007;2009;River;0;
2008;2009;River;0;
2008;2011;River;0;
2008;2012;River;0;
2010;2011;River;0;
2010;2018;River;0;
2011;2012;River;0;
2011;2013;River;0;
2011;2018;River;0;
2014;2018;River;0;
2014;2033;River;0;
2015;2018;River;0;
2018;2033;River;0;
2019;2062;River;0;
2019;2063;River;0;
2020;2063;River;0;
2026;2046;River;0;
2027;2056;River;0;
2028;2029;River;0;
2028;2034;River;0;
2028;2039;River;0;
2028;2053;River;0;
2028;2054;River;0;
2039;2053;River;0;
2046;2047;River;0;
2046;2056;River;0;
2046;2060;River;0;
2047;2049;River;0;
2047;2056;River;0;
2047;2057;River;0;
2049;2050;River;0;
2049;2051;River;0;
2049;2052;River;0;
2049;2055;River;0;
2049;2056;River;0;
2049;2058;River;0;
2051;2052;River;0;
2055;2056;River;0;
2057;2060;River;0;
2059;2060;River;0;
2060;2064;River;0;
2061;2066;River;0;
2061;2067;River;0;
2062;2063;River;0;
2063;2064;River;0;
2065;2069;River;0;
2066;2073;River;0;
2067;2073;River;0;
2067;2076;River;0;
2071;2073;River;0;
2080;2084;River;0;
2081;2082;River;0;
2082;2083;River;0;
2082;2084;River;0;
2084;2087;River;0;
2085;2087;River;0;
2089;2090;Sea;2388;
2091;2092;River;0;
2092;2105;River;0;
2093;2094;River;0;
2094;2095;River;0;
2095;2096;River;0;
2096;2099;River;0;
2096;2102;River;0;
2096;2105;River;0;
2099;2105;River;0;
2100;2102;River;0;
2100;2103;River;0;
2100;2107;River;0;
2101;2103;River;0;
2102;2105;River;0;
2103;2104;River;0;
2103;2105;River;0;
2106;2107;River;0;
2107;2115;River;0;
2108;2118;River;0;
2117;2126;River;0;
2118;2119;River;0;
2119;2126;Impassable;0;
2136;2137;Impassable;0;
2140;2145;River;0;
2144;2145;River;0;
2145;2146;River;0;
2158;2162;River;0;
2160;2162;River;0;
2161;2162;River;0;
2161;2164;River;0;
2162;2163;River;0;
2162;2165;River;0;
2163;2164;River;0;
2163;2166;River;0;
2163;2167;River;0;
2165;2166;River;0;
2692;2696;Canal;152;
2698;29;Canal;29;
2697;115;Canal;115;
2692;154;Canal;154;
2176;787;Canal;790;
96;109;River;0;#Luxembourg - Longwy
120;123;River;0;# Nijmwegen - Middelburg, visible on map
343;350;Sea;2736;# Sea Connection so that Italy AI garrisons beaches in Yugoslavia and Albania
343;361;Impassable;2736;# Sea Connection so that Italy AI garrisons beaches in Yugoslavia and Albania
350;406;Sea;2735;# Sea Connection so that Italy AI garrisons beaches in Yugoslavia and Albania
496;511;Impassable;0;# Blocked connection Finland - Norway
496;513;Impassable;0;# Blocked connection Finland - Norway
496;517;Impassable;0;# Blocked connection Finland - Norway
497;511;Impassable;0;# Blocked connection Finland - Norway
514;535;Impassable;0;# Blocked connection Finland - SOV
519;535;Impassable;0;# Blocked connection Finland - SOV
519;540;Impassable;0;# Blocked connection Finland - SOV
523;540;Impassable;0;# Blocked connection Finland - SOV
528;532;Impassable;0;# Blocked connection Finland - SOV
533;538;Impassable;0;# Blocked connection Finland - SOV
275;268;River;0;# Kuressaare - Liepaja
275;265;Sea;2724;# Kuressaare - Parnu
275;264;Sea;2724;# Kuressaare - Riga
275;269;Sea;2724;# Kuressaare - Jelgava
551;557;River;0;# River between Tikhvin & Gatchina, visible on map
589;600;River;0;# River between Mogilev & Smolensk, visible on map
623;639;River;0;# additional connection to Crimea between Melitopol & Dzhankoy fo facilitate attacks
645;662;River;0;# additional connection between Konstantinovsk and Kotelnikovo, visible on map
672;675;River;0;# additional connection between Cheboksary and Kazan, visible on map
774;922;Impassable;0;# Blocked connection between southern Libya and Sudan
783;800;Impassable;0;# Blocked connection to inner Quattara Depression, trap for AI
789;800;Impassable;0;# Blocked connection to inner Quattara Depression, trap for AI
826;838;River;0;# additonal river connection between Ethiopia and Somalia, visible on map
827;837;River;0;# additonal river connection between Ethiopia and Somalia, visible on map
910;911;River;0;# additional river connection between Douala and Bertoua, visible on map
930;934;River;0;# additional river connection between Oshogbo and Port Harcourt, visible on map
1238;1269;Impassable;0;# DH: river, blocked connection in northern China to keep AI out of desert
1274;1278;Impassable;0;# Blocked connection in Himalaya between China and India
1278;1279;Impassable;0;# Blocked connection in Himalaya between China and India
1278;1286;Impassable;0;# Blocked connection in Himalaya between China and India
1279;1539;Impassable;0;# Blocked connection in Himalaya between China and India
1279;1540;Impassable;0;# Blocked connection in Himalaya between China and India
1279;2173;Impassable;0;# Blocked connection in Himalaya between China and Afghanistan
1286;1451;Impassable;0;# Blocked connection in Himalaya between China and India
1286;1453;Impassable;0;# Blocked connection in Himalaya between China and India
1286;1454;Impassable;0;# Blocked connection in Himalaya between China and India
1286;1457;Impassable;0;# Blocked connection in Himalaya between China and India
1286;1540;Impassable;0;# Blocked connection in Himalaya between China and India
1288;1452;Impassable;0;# Blocked connection in Himalaya between China and India
1288;1455;Impassable;0;# Blocked connection in Himalaya between China and India
1288;1456;Impassable;0;# Blocked connection in Himalaya between China and India
1288;1458;Impassable;0;# Blocked connection in Himalaya between China and India
1295;1414;Impassable;0;# Blocked connection in Himalaya between China and India
1295;1455;Impassable;0;# Blocked connection in Himalaya between China and India
1295;1458;Impassable;0;# Blocked connection in Himalaya between China and India
1370;1371;Impassable;0;# Blocked connection between Lufeng and Hongkong to stop british AI from easily invading KWA-controlled China
1374;1392;Impassable;0;# Blocked connection between China and Vietnam to separate theatres for AI
1376;1392;Impassable;0;# Blocked connection between China and Vietnam to separate theatres for AI
1386;1393;Impassable;0;# Blocked connection between China and Vietnam to separate theatres for AI
1386;1404;Impassable;0;# Blocked connection between China and Vietnam to separate theatres for AI
1386;1405;Impassable;0;# Blocked connection between China and Vietnam to separate theatres for AI
1388;1392;Impassable;0;# Blocked connection between China and Vietnam to separate theatres for AI
1398;1403;River;0;# additional river connection in southern Vietnam, visible on map
1411;1417;River;0;# additional river connection in Burma, visible on map
1412;1416;River;0;# additional river connection in Burma, visible on map
1439;1450;River;0;# additional river connection in India, visible on map
1444;1450;River;0;# additional river connection in India, visible on map
553;531;Impassable;0;
553;532;Impassable;0;
553;539;Impassable;0;
553;557;Impassable;0;
530;532;Impassable;0;
530;532;Impassable;0;
530;539;Impassable;0;
530;557;Impassable;0;
530;551;Impassable;0;
531;539;Impassable;0;
531;557;Impassable;0;
531;551;Impassable;0;
532;557;Impassable;0;
532;551;Impassable;0;
539;551;Impassable;0;
539;541;Impassable;0;
539;547;Impassable;0;
556;541;Impassable;0;
556;548;Impassable;0;
547;538;Impassable;0;
1113;699;Impassable;0;
1113;700;Impassable;0;
1113;704;Impassable;0;
1113;713;Impassable;0;
1113;1081;Impassable;0;
1113;1080;Impassable;0;
1113;1097;Impassable;0;
706;700;Impassable;0;
706;704;Impassable;0;
706;713;Impassable;0;
706;1081;Impassable;0;
706;1080;Impassable;0;
706;1097;Impassable;0;
706;1118;Impassable;0;
699;704;Impassable;0;
699;713;Impassable;0;
699;1081;Impassable;0;
699;1080;Impassable;0;
699;1097;Impassable;0;
699;1118;Impassable;0;
700;713;Impassable;0;
700;1081;Impassable;0;
700;1080;Impassable;0;
700;1097;Impassable;0;
700;1118;Impassable;0;
704;1081;Impassable;0;
704;1080;Impassable;0;
704;1097;Impassable;0;
704;1118;Impassable;0;
713;1080;Impassable;0;
713;1097;Impassable;0;
713;1118;Impassable;0;
1081;1097;Impassable;0;
1081;1118;Impassable;0;
1080;1118;Impassable;0;
1117;1102;Impassable;0;
1117;1112;Impassable;0;
1101;1112;Impassable;0;
1101;1110;Impassable;0;
1102;1110;Impassable;0;
1108;506;Impassable;0;
1108;505;Impassable;0;
504;505;Impassable;0;
504;500;Impassable;0;
506;500;Impassable;0;
1079;1058;Impassable;0;
1057;1074;Impassable;0;
1162;1161;Impassable;0;
1162;1163;Impassable;0;
1167;1163;Impassable;0;
1167;1070;Impassable;0;
1161;1070;Impassable;0;
848;845;Impassable;0;
841;844;Impassable;0;
861;847;Impassable;0;
861;847;Impassable;0;
851;905;Impassable;0;
851;898;Impassable;0;
847;898;Impassable;0;
2100;2115;Impassable;0;
1848;1849;Impassable;0;
1848;2110;Impassable;0;
1848;2129;Impassable;0;
1843;2110;Impassable;0;
1843;1849;Impassable;0;
1843;1850;Impassable;0;
2129;1849;Impassable;0;
2129;1850;Impassable;0;
2110;1850;Impassable;0;
1843;1839;Impassable;0;
1843;1832;Impassable;0;
1843;1842;Impassable;0;
1843;1844;Impassable;0;
1841;1832;Impassable;0;
1841;1842;Impassable;0;
1841;1844;Impassable;0;
1839;1842;Impassable;0;
1839;1844;Impassable;0;
1832;1844;Impassable;0;
1843;1845;Impassable;0;
1843;2109;Impassable;0;
1843;2111;Impassable;0;
1843;2129;Impassable;0;
1844;2109;Impassable;0;
1844;2111;Impassable;0;
1844;2129;Impassable;0;
1845;2111;Impassable;0;
1845;2129;Impassable;0;
2109;2129;Impassable;0;
2111;2114;Impassable;0;
2113;2129;Impassable;0;
1845;1825;Impassable;0;
1845;1824;Impassable;0;
1845;1791;Impassable;0;
1822;1824;Impassable;0;
1822;1791;Impassable;0;
1822;2109;Impassable;0;
1825;1791;Impassable;0;
1825;2109;Impassable;0;
2109;1824;Impassable;0;
2109;1792;Impassable;0;
2109;1794;Impassable;0;
2109;2108;Impassable;0;
1791;1794;Impassable;0;
1791;2108;Impassable;0;
1791;2111;Impassable;0;
1792;2108;Impassable;0;
1792;2111;Impassable;0;
1794;2111;Impassable;0;
566;274;Impassable;0;
566;272;Impassable;0;
273;552;Impassable;0;
273;274;Impassable;0;
552;272;Impassable;0;
938;922;Impassable;0;
938;920;Impassable;0;
943;920;Impassable;0;
943;925;Impassable;0;
922;925;Impassable;0;
770;779;Impassable;0;Libyan desert
770;782;Impassable;0;Libyan desert
770;772;Impassable;0;Libyan desert
770;769;Impassable;0;Libyan desert
775;760;Impassable;0;Libyan desert
775;766;Impassable;0;Libyan desert
775;769;Impassable;0;Libyan desert
773;760;Impassable;0;Libyan desert
773;754;Impassable;0;Libyan desert
754;756;Impassable;0;Libyan desert
753;776;Impassable;0;Libyan desert
751;776;Impassable;0;Libyan desert
#END#;;;; 
-1;-1;;; 
